rank_saa,playerID,name,career_PA,qualifying_seasons,SAA_total,SAA_rate,z_AVG_career,z_ISO_career,z_BB_career,z_SB_career,z_DEF_career,real_WAR,is_negro_leaguer,season_equivalents
1,bondsba01,Barry Bonds,12606.0,21.0,29.741073205082245,1.4214309322167715,1.0211070586279205,2.600269100947076,3.1756960669499614,0.9760810493187024,-0.6659986147598042,162.78,False,27.146362206448124
2,cobbty01,Ty Cobb,13071.0,23.0,29.593031375240162,1.3757801662129319,2.5463157785426644,1.354299437087665,0.49671355811672807,2.058278894352915,0.42329316296468716,149.84,False,26.92938530662103
3,mayswi01,Willie Mays,12541.0,21.0,29.13036589204352,1.415355051844369,1.2323384120640375,1.9563380892393678,0.7617611615003717,1.4836679264194648,1.6426696699986023,156.18,True,25.96321689676774
4,henderi01,Rickey Henderson,13346.0,24.0,29.017886043855807,1.312828504472439,0.3483853550151731,-0.040344593506448784,2.172457521868849,3.639193523904166,0.44445071508045475,111.17999999999999,False,28.720535918299586
5,ruthba01,Babe Ruth,10616.0,17.0,27.55804376621402,1.634037578785296,1.4166306278891116,4.198586926935709,3.6613976927999836,-0.4283071785668244,-0.6781201751314981,182.62,False,20.654861896518334
6,speaktr01,Tris Speaker,11988.0,20.0,24.184836897206363,1.2252724933145165,1.822713512785968,1.319599720474514,1.1080711865011934,0.35744169912130336,1.5185363476896032,136.07,False,24.733970471149345
7,wagneho01,Honus Wagner,11748.0,21.0,21.097572840801913,1.077506273789679,1.602904579296824,1.5908571213634548,0.2005151093273023,1.276253116717485,0.7170014422433282,132.75,False,24.358667533613918
8,mantlmi01,Mickey Mantle,9909.0,18.0,21.038650840075707,1.2739116463866607,1.0587471371579682,1.9681797676585613,2.4813546743589083,0.5250284057471459,0.3362482470107206,110.25999999999999,False,21.146148444976422
9,willite01,Ted Williams,9791.0,17.0,20.946239830026418,1.2997976934549436,2.208376055771398,2.684799605391826,3.005906012378197,-0.7321534985476027,-0.6679397077190995,121.73,False,20.30510151685027
10,collied01,Eddie Collins,12037.0,20.0,20.883868752549095,1.0488257513626393,1.5255116085702773,0.032997938387346576,1.3794096713095518,1.7270428625764833,0.5791666759695389,123.71,False,24.88462870611113
11,morgajo02,Joe Morgan,11329.0,19.0,20.081591334190286,1.0730211773545435,0.2502715469729361,0.5029610018897392,2.2024313891295315,2.260640514682785,0.14880143409772512,100.59,False,23.410325148825027
12,schmimi01,Mike Schmidt,10062.0,16.0,17.115886156254664,1.0425920501271875,0.077554791942782,2.3797533792651193,1.8216743892370761,-0.09432084862693049,1.0282985388178913,106.88000000000001,False,20.88534063420361
13,aaronha01,Hank Aaron,13940.0,23.0,16.852134588443572,0.7253429521568253,1.3344336049955619,1.9147966839778814,0.29305875541001974,0.37122014721936153,-0.2867944308186981,143.22,False,29.343957260709885
14,troutmi01,Mike Trout,7201.0,12.0,16.683373576748995,1.4733624000661463,1.25319973806993,2.0941960389228593,2.135779366043624,0.7481758077437887,1.1354610495505284,91.15,False,15.22800806058704
15,careyma01,Max Carey,10770.0,18.0,16.439345671493925,0.9188269588166145,0.056901988626568804,-0.02537222029363355,0.46438500952956113,2.3771385567100665,1.7210814595105095,55.68,False,22.835789817259908
16,gehrilo01,Lou Gehrig,9660.0,14.0,15.80367710683054,0.9892755622429135,1.3249756608009946,2.7235709548928053,2.0593794515278483,-0.2522073009006015,-0.9093409551064799,113.51,False,19.2954025890048
17,foxxji01,Jimmie Foxx,9670.0,16.0,15.153561312450384,0.9613170635938073,1.093646004066605,2.6765164550753706,1.8337228535556165,-0.33374711495006004,-0.4635528797784953,92.72,False,18.894184607978605
18,hamilbi01,Billy Hamilton,7608.0,13.0,15.145774931570537,1.216365273583499,1.502735352131035,-0.33713666253348706,2.0778570438331005,2.4071223003556588,0.43124833413118846,63.93,False,15.41979776481012
19,ashburi01,Richie Ashburn,9736.0,15.0,15.133317575819156,0.932620228583761,1.1779225646620626,-1.1946956487096296,0.6914985682429113,1.4854248482772285,2.502950810446231,64.31,False,20.55694381283047
20,rodrial01,Alex Rodriguez,12207.0,19.0,14.949019865886886,0.758961915682191,0.8838514009885465,1.5553405576946626,0.6400898206262756,0.5577711720664684,0.15775662703500087,117.41,False,24.393708040566203
21,musiast01,Stan Musial,12712.0,21.0,14.48870161880891,0.6865056441037155,1.8572058519332693,1.6573147150595189,0.797511161558783,-0.3526804342651252,-0.5268230737678695,128.54,False,26.85839171409919
22,hornsro01,Rogers Hornsby,9475.0,15.0,13.564410669225262,0.9054006454038445,1.95284667545821,2.0568153950599126,0.8617121659103347,-0.4153624691509517,0.07099145974171638,127.39999999999999,False,19.213767606626732
23,robinfr02,Frank Robinson,11743.0,19.0,13.445035333602283,0.7005663222024638,1.027252511047373,1.7875044977406664,0.908336281440188,0.5017996292097016,-0.72206130842561,107.24000000000001,False,24.631426142653776
24,vottojo01,Joey Votto,8746.0,16.0,12.961569266559373,0.8983414069464739,1.1379681814856544,0.9432249166874915,2.341486273489815,-0.3635570208660975,0.43258468393550586,63.64,False,19.61902817204675
25,loftoke01,Kenny Lofton,9234.0,16.0,12.888023016916122,0.8446547034570917,0.8952074631354386,-0.5946092362760754,0.31576959948249606,2.525257013882906,1.0816486770606923,68.39,False,19.449259365859994
26,lajoina01,Nap Lajoie,10461.0,20.0,12.76248067111683,0.7446745504881938,1.853927949588695,1.1609512110793396,-0.8118295999400892,-0.026074239975826762,1.5463974316888502,108.7,False,21.58463824616624
27,griffke02,Ken Griffey,11304.0,21.0,12.699630626661571,0.6805804194352397,0.4541660657274964,1.6196616600880753,0.7275935704332598,-0.12933753643985993,0.7308183373672275,83.82,False,23.892254637409167
28,charlos99,Oscar Charleston,5725.0,18.0,11.958309567810982,1.4378728939251681,1.701948164356707,2.08061147566889,1.0314267073517003,2.2188783560247485,-0.09365505150087813,46.790000000000006,True,19.30288421414056
29,ottme01,Mel Ott,11337.0,18.0,11.667990841441062,0.6356268844075393,0.5697256369616294,1.8775399996205442,1.8698289945222213,-0.42736907514450717,-0.7115911339221913,110.71000000000001,False,22.96540837470884
30,raineti01,Tim Raines,10359.0,18.0,11.582589311543657,0.6987987518276717,0.9873361524617361,-0.14594000207889604,1.0985088766184898,2.3803545991899244,-0.8262658670528958,69.46,False,21.814986953234357
31,bagweje01,Jeff Bagwell,9431.0,14.0,11.559499457608817,0.7451331837736668,0.8253581525363622,1.3402766758743367,1.57462516658217,0.1651989767984535,-0.1797930529229882,79.88,False,20.10845092356561
32,pujolal01,Albert Pujols,13041.0,21.0,11.337294533022845,0.5282168597463666,1.146878027896297,1.4964247024874977,0.588789110120609,-0.3717791062357349,-0.2192284355368356,101.17,False,27.557691389462406
33,dimagjo01,Joe DiMaggio,7671.0,13.0,11.051257770028561,0.8643924732130279,1.3770893096243333,2.147981499456855,0.11439154863047946,-0.6886733676905447,1.3711733760440152,78.92,False,15.409618147462318
34,delahed01,Ed Delahanty,8400.0,15.0,10.839986259633417,0.7903744994264247,1.5321885777458886,1.650685049875572,0.20438060379393608,0.29579177124924916,0.26882649446747736,70.43,False,17.230345149689697
35,beltrca01,Carlos Beltran,11031.0,19.0,10.744410042075922,0.5877686018641095,0.35890794592797914,0.7893004360061835,0.3290255934724438,0.7302036076091873,0.731405426304753,70.03,False,23.27118391178876
36,cedence01,Cesar Cedeno,8133.0,16.0,10.691887481616044,0.7973070456089519,0.6566211108558291,0.5396049070984579,-0.22599825156424072,2.3302556414495452,0.6860518202051683,53.03,False,16.853798668162973
37,clarkfr01,Fred Clarke,9838.0,18.0,10.686659886220582,0.6529527425389356,0.8898258721724901,0.8058079840034363,0.44572386466690805,0.5149378490329691,0.6084681428188743,69.06,False,20.40763914420941
38,butlebr01,Brett Butler,9545.0,15.0,10.676655730759078,0.6921656875694705,0.841030190506253,-0.9407930786274055,0.8686516672957293,1.565808697695496,1.1261309609772796,49.73,False,20.062600958079216
39,brocklo01,Lou Brock,11235.0,18.0,10.544731646095482,0.5637386605771441,0.9939084872320533,-0.23799906511453947,-0.6505722677120837,3.8986685451062995,-1.1853123966260093,45.34,False,23.19063397898723
40,matheed01,Eddie Mathews,10101.0,16.0,10.514655735039812,0.6281156353070377,0.17039624163652392,1.6093174883102193,1.5480676613359,-0.2347032188748516,0.04750000412739748,96.01,False,21.06704611226399
41,bondsbo01,Bobby Bonds,8090.0,13.0,10.48436124522054,0.7962806009028258,0.147581342612848,1.3013519552229897,0.6038695018734195,2.0826981604515042,-0.15409795564663273,57.86,False,16.545320986888527
42,mageesh01,Sherry Magee,8546.0,16.0,10.430638546644214,0.732317239408674,0.8105459100452514,1.5803142750614134,0.24160617420107056,0.800206921977719,0.22891291575791603,59.97,False,17.88337542178967
43,broutda01,Dan Brouthers,7691.0,15.0,10.407215779316097,0.8471482115845418,1.8996468956773125,1.9440286647762295,1.0541714177864983,-0.3162518836543156,-0.7474044684659029,78.66,False,16.86737148739828
44,heltoto01,Todd Helton,9450.0,16.0,10.301567497279816,0.6611338644098717,1.552788270330795,0.9207129123259321,1.5550911693200304,-0.6838557277826158,-0.0390673021447839,61.769999999999996,False,19.911681587004527
45,yastrca01,Carl Yastrzemski,13991.0,23.0,10.24629681439143,0.4394094838563976,0.7207933837963257,0.7843787490068325,1.2777388218888575,-0.1328800955903917,-0.4529834398196362,96.41,False,30.041849532053586
46,wynnji01,Jim Wynn,8010.0,15.0,10.231941692729766,0.7664375799797577,-0.3061301960800313,1.0473092537250037,1.8408195815238182,0.7850390132944353,0.46515024743556216,55.93,False,16.62355328021969
47,gehrich01,Charlie Gehringer,10237.0,16.0,10.15944435927252,0.6004399739522766,0.8580135993984609,0.5036610742607723,0.8034064524313399,0.24564148073965741,0.5914772629311528,84.6,False,20.34617672429209
48,stoveha01,Harry Stovey,6848.0,14.0,10.151482999195892,0.8894406833407615,0.6041707457657474,2.004424148661848,0.7988808341279532,1.7859601100083795,-0.35313218983093797,44.95,False,15.698316634397226
49,abreubo01,Bobby Abreu,10081.0,16.0,10.14877758385342,0.614953196355489,0.7102198423606303,0.3301494706216028,1.6806799178652951,1.342447835490963,-0.988731084561046,60.19,False,20.81831188551934
50,otisam01,Amos Otis,8246.0,14.0,10.051693691368348,0.7568096643017954,0.49122241451914417,0.4194316138315182,0.06269518559402604,1.2730691222604418,1.5376299853038478,42.78,False,17.339932752370192
51,snidedu01,Duke Snider,8237.0,14.0,10.01258883402745,0.7914047293395429,0.9246793923739456,1.8231826231060888,0.5595371113797766,0.454016529000719,0.1956079908371841,65.99000000000001,False,15.868063059607781
52,robinja02,Jackie Robinson,5948.0,10.0,9.867405206392323,1.0204141888720084,1.241851818917618,0.41243614274166746,0.6624553889769923,2.7135526748722505,0.07177491885151345,64.08,True,12.153181529042769
53,connoro01,Roger Connor,8847.0,17.0,9.837103279736242,0.6745442248961996,1.0914368955812974,1.81533067299471,1.1285172215319041,-0.5918732315774518,-0.4884150723602383,84.24,False,20.261526789812997
54,kalinal01,Al Kaline,11597.0,21.0,9.69070060399455,0.502673153142278,1.069290011208922,0.739655723763455,0.5885143754425561,0.10912623947709994,0.006779415819356794,92.78999999999999,False,24.7721559550917
55,brettge01,George Brett,11624.0,20.0,9.574274712554171,0.4959479260582321,1.3363826336560405,0.91549990026587,0.18957132249586262,-0.14331942534520714,0.18160519921859486,88.61,False,24.875645188328324
56,edmonji01,Jim Edmonds,7980.0,16.0,9.562281717629336,0.7246897853451563,0.3861462268396197,1.2900977609238682,0.992504945847052,-0.4607744308441697,1.4154744239594104,60.4,False,16.906898065494083
57,sheckji01,Jimmy Sheckard,9118.0,16.0,9.443636526444957,0.6251993728199243,0.03200151546160418,0.48370124476447496,1.5718492687741825,0.6421958256347056,0.3962490094646548,49.58,False,18.71070116189443
58,dahlebi01,Bill Dahlen,10405.0,19.0,9.372829235894764,0.540792147469647,-0.1748073889381722,0.4761754687831765,0.7319038392698204,0.47475815673711674,1.195930661496293,74.94,False,21.574647206753077
59,johnsbo01,Bob Johnson,8047.0,13.0,9.298852229937046,0.6933405415635926,0.44460979688530405,1.5372305303136042,1.2548795095666743,-0.007200128297147992,0.23718299934952772,55.47,False,15.99422707937906
60,bettsmo01,Mookie Betts,6936.0,12.0,9.28495703000112,0.8031969749135917,1.177843216839188,0.9880001945614844,0.6749438727866156,0.7538506628913112,0.4213469274893592,77.24,False,15.682593125986669
61,davisge01,George Davis,10178.0,18.0,9.269730342719603,0.5518791630910659,0.40527123289679273,0.4446468900689298,0.1722910440450309,0.7348689773791544,1.0023176710654216,84.35000000000001,False,20.88031302105231
62,applilu01,Luke Appling,10243.0,17.0,9.191366747314706,0.5513166098559256,0.9040551766557268,-0.6714971723459103,0.9454451059634741,0.4350558159779667,1.1435241230283708,76.95,False,20.074842640945242
63,thomeji01,Jim Thome,10313.0,18.0,9.18737636100766,0.5682913212994429,0.19177207355689035,1.9424297577046719,2.3576759795516655,-0.8545725075033753,-0.795848696812639,72.94,False,20.437992693767562
64,goldspa01,Paul Goldschmidt,8804.0,14.0,9.168199654783109,0.6376399435342374,1.0933594041243526,0.9509940448188882,1.2706778315434077,0.21449024748069156,-0.3413218102961534,65.0,False,19.707107436551553
65,chapmbe01,Ben Chapman,7420.0,12.0,9.098563333425284,0.7480320635866226,0.4103492827048538,0.13934635223030875,0.6752520814515988,2.1807324180334273,0.3344801835129238,42.459999999999994,False,14.47746151779157
66,jonesch06,Chipper Jones,10614.0,18.0,9.09491447716417,0.514321271093167,1.042323570349714,0.9897736080775474,1.5204569306723754,-0.17573491349771936,-0.8052128401360817,85.26,False,22.63461727852882
67,camermi01,Mike Cameron,7884.0,14.0,9.029930056170612,0.7084150148669415,-0.7602018190487301,0.5214653210801972,0.5801256150296428,1.2574482413557162,1.943237715917881,46.68,False,15.954696505699463
68,harpebr03,Bryce Harper,7665.0,14.0,9.017413413826294,0.7058640637046023,0.816811459005614,1.3446798046901005,1.934979524082937,0.24927539370553287,-0.8164258629611734,56.72,False,17.530752003033918
69,thomafr04,Frank Thomas,10074.0,17.0,8.916289809119021,0.5419687858850585,1.0247834485484568,1.5404025344312808,2.1094974978389223,-0.7661125916899909,-1.1987269597033763,73.82,False,20.919647830918954
70,smithre06,Reggie Smith,8050.0,15.0,8.875249852370173,0.6673956525156165,0.8385680356775913,1.3441685196229107,0.6089792276064551,0.07113878768957267,0.4741236919815521,64.58,False,16.77582175035196
71,mcphebi01,Bid McPhee,9429.0,18.0,8.850239909065598,0.563171486418428,-0.12415536973496734,0.09568446385848628,0.709258255013356,0.5370793678142217,1.66578597515427,52.75,False,20.28317051915529
72,willsma01,Maury Wills,8304.0,13.0,8.82712972389343,0.6496906077448549,0.7376103789789866,-1.4740377312204056,-0.6850003331735393,4.011667450092456,0.6582132740467771,39.69,False,17.172935442084714
73,greenha01,Hank Greenberg,6096.0,10.0,8.633228021259407,0.86955461016546,0.9165106338116114,2.922600488992468,1.3351834571417809,-0.2035327225951278,-0.6229888065234321,55.37,False,12.08257360772451
74,friscfr01,Frankie Frisch,10100.0,17.0,8.629997802470932,0.5246730855692125,0.6054715123296321,-0.14581455516351585,-0.31197647302883863,1.5105984885329276,0.9650864551758576,71.7,False,20.659401088919594
75,walkela01,Larry Walker,8030.0,16.0,8.607245471085083,0.6476482671997805,1.4068055106134405,1.5624819160044634,0.6370531421871358,0.4700042111896665,-0.8381034439958039,72.74,False,17.29220064905963
76,molitpa01,Paul Molitor,12160.0,20.0,8.520092545773013,0.42210020043463037,1.2975780451428953,0.015087351321154224,0.012962068543722517,0.8421366224783357,-0.05726308531295623,75.7,False,26.197651972324806
77,smithoz01,Ozzie Smith,10778.0,18.0,8.498953710877101,0.48125445701455827,-0.12890843996453968,-1.260175585762218,0.32344255243069026,1.3502842649564102,2.1216294934124487,76.92,False,23.193359465000388
78,allendi01,Dick Allen,7314.0,14.0,8.439034689790953,0.6946660466284225,1.0256406697467708,2.0014697988555334,1.020031268852424,0.21656176988553333,-0.7903732741981482,58.79,False,15.359261641370454
79,kellejo01,Joe Kelley,8139.0,16.0,8.308323954852145,0.6160398384714888,0.8062964074373202,1.0350736208391424,1.0095583429956505,0.3713088495563722,-0.14203802847104174,50.57,False,16.868309747900526
80,averiea01,Earl Averill,7215.0,11.0,8.266959683504036,0.7013823260891432,0.7760166867067018,1.4809074836028586,0.608124599254956,-0.27319546352076596,0.915058324401966,51.45,False,14.083336994809082
81,ansonca01,Cap Anson,11331.0,26.0,8.261590245426566,0.4422298284642644,1.4201288318139014,0.49231509635899917,0.7923221884868054,-0.471528542857502,-0.4566079973877325,94.33,False,28.844699419556893
82,reesepe01,Pee Wee Reese,9470.0,15.0,8.220695192894677,0.5309954909825393,-0.06800704339072465,-0.4809638617690522,0.7134780470989952,1.6893833287952396,0.8010869841782381,68.44,False,19.64897292135403
83,ramirjo01,Jose Ramirez,6757.0,12.0,8.201189070188311,0.729751363208214,0.8355223906843555,1.028413909220998,0.4129636609127565,1.5550361127715875,-0.18317925754862813,59.76,False,15.30509711078546
84,santoro01,Ron Santo,9396.0,15.0,8.178852506830397,0.5222766607171391,0.5147586358739042,0.9128079243020485,0.8793730775817811,-0.5855000163872385,0.8899436822151997,70.53999999999999,False,19.749774633300856
85,evansda01,Darrell Evans,10737.0,19.0,8.136541561134553,0.45809561196215937,-0.5935781487992661,0.942059909804473,1.7861655218910062,-0.4506004586747957,0.6064312355893792,58.72,False,22.287686609117237
86,jacksre01,Reggie Jackson,11416.0,20.0,8.026889268362787,0.42692434722255757,-0.03616107311194881,1.7683130880912887,0.9066714540383692,0.16605291409625628,-0.6702546470011774,74.03,False,24.402323346967627
87,larkiba01,Barry Larkin,9057.0,17.0,7.9657162501454435,0.549170372295446,0.8580288518600635,-0.027401291212635986,0.3220032827987049,1.0494214341679249,0.5437995838631728,70.53,False,18.953246366534465
88,boggswa01,Wade Boggs,10740.0,18.0,7.9367382575363745,0.4433931987450488,2.0275583227605765,-0.4747103381696642,1.2420303312151768,-0.7972995082636619,0.21938718618281713,91.44000000000001,False,22.965740879086553
89,willibe02,Bernie Williams,9053.0,16.0,7.903644229503039,0.5238248688503063,0.7827901037238243,0.2730652907793587,0.7358290659159593,-0.10301533862866638,0.9304552224610557,49.589999999999996,False,19.06068660765596
90,wellswi99,Willie Wells,4677.0,10.0,7.830033021275093,1.4219188295293752,1.3681535976454668,1.7784121094554406,0.7552646538688662,1.7206741143606339,1.439847115645692,54.6,True,11.665624404895125
91,sheffga01,Gary Sheffield,10947.0,20.0,7.825790251306854,0.4391577020935385,0.704423448512557,1.0565602844813105,1.2702300361177838,0.24360697142711044,-1.0790322300710695,60.54,False,22.74185003018195
92,killeha01,Harmon Killebrew,9831.0,17.0,7.78317571387668,0.48894413447031815,-0.15657358029310417,2.0464060962123143,2.135059093528935,-0.7105558301382362,-0.8696151069583183,60.44,False,20.382313076117043
93,vaughar01,Arky Vaughan,7721.0,12.0,7.766418062137718,0.6276738735563887,1.0667711699200528,0.21953650428600285,0.8139161954472286,0.25424740309277094,0.783898095035888,77.71,False,15.574125669653935
94,alomaro01,Roberto Alomar,10400.0,16.0,7.75846904463155,0.45593353837207934,1.0309424399153817,-0.17244399723924128,0.2264439476729792,1.3009874753843542,-0.10626217387307682,67.01,False,21.749300928090662
95,dobyla01,Larry Doby,6920.0,12.0,7.753412246741188,0.7257484162316246,0.5177374949361163,1.2212209484121854,1.0252985345498618,-0.058354472286208464,0.9228395755461674,56.78,True,14.063704498799472
96,dimagdo01,Dom DiMaggio,6478.0,10.0,7.747912094211063,0.7179532442512182,0.7988178087880154,-0.12616356818870517,0.35778912067284835,0.5295429284794104,2.0297799315045224,33.49,False,13.30364990089913
97,mcgwima01,Mark McGwire,7660.0,13.0,7.725085239486985,0.6329443047510844,-0.1912224064964822,2.930235651481077,2.282838608809806,-0.8644572013099452,-0.9926731287290328,62.15,False,15.529317650983435
98,daviser01,Eric Davis,6147.0,13.0,7.6815473887302375,0.8332902609362036,0.14251604172281732,1.2412308578753997,0.9944606110001472,1.553657955825464,0.23458583825719012,36.13,False,11.950888305897468
99,dykstle01,Lenny Dykstra,5282.0,11.0,7.593437029833315,0.8902036377295798,0.666307283611584,-0.13932634538002076,0.8672283138054628,1.441955691957073,1.6148532446537993,42.38,False,11.331204216242632
100,thomaro01,Roy Thomas,6575.0,11.0,7.587555393024606,0.7056003155323566,0.568040183249526,-1.1424764663579925,2.836724203919467,-0.008479208465468601,1.2741928653162504,41.809999999999995,False,13.465011630661074
101,yountro01,Robin Yount,12249.0,20.0,7.583910915673196,0.3714871866604553,0.6658188692076883,0.19874596021613275,-0.2890127307306801,0.0484383884629125,1.233445446146223,77.36,False,26.314198761810268
102,berkmla01,Lance Berkman,7813.0,13.0,7.494609254491219,0.5909021751241434,0.8478199842657347,1.3564129172393828,1.9735479240869074,-0.30789236973642986,-0.9153775802348779,51.96,False,16.146251414278407
103,carewro01,Rod Carew,10550.0,19.0,7.484263566640033,0.42564532132549954,2.09076427413799,-0.5091632125239746,0.21703379176830428,0.7122263763555831,-0.3826346231104048,81.19,False,22.908531982533965
104,tulowtr01,Troy Tulowitzki,5415.0,11.0,7.467540988492612,0.8463401195873755,0.8667571273048121,0.946161754961353,0.3004807043592769,-0.31787837275064823,2.5183129861394136,44.78,False,11.487653720748183
105,lynnfr01,Fred Lynn,7923.0,16.0,7.454004922641188,0.568140619103749,0.5287220787223164,1.2034476812962647,0.5775864802852169,-0.4860704884585256,1.0170173436734729,50.17,False,16.90008189796168
106,wrighda03,David Wright,6870.0,11.0,7.446752735846579,0.684234554595398,1.0331114686774057,0.6551868686938853,0.7434837502734736,0.6835100260833495,0.3058806592488747,49.13,False,14.123299193315637
107,mccutan01,Andrew McCutchen,9705.0,17.0,7.4416778464417295,0.4600728189453928,0.4523805809611019,0.4451701469805786,1.2254143555156447,0.345238983556594,-0.1678399722869552,48.58,False,22.010482788847533
108,freemfr01,Freddie Freeman,9363.0,15.0,7.432351163813013,0.4775040901903639,1.443147037225492,0.8670305613155952,0.986242338570117,-0.2473411377846775,-0.6615583483747074,67.45,False,21.309766728856562
109,grichbo01,Bobby Grich,8220.0,15.0,7.401644944461278,0.5495590850979788,0.028689912431943604,0.5374521687053353,1.2746933970655083,-0.2504377188565156,1.1573976661436218,71.08,False,17.535271481844255
110,kellyki01,King Kelly,6457.0,15.0,7.3672141523958805,0.6924073451499887,1.087100984637387,0.995517386666949,0.6804732480704401,1.4778267578334021,-0.3167202515180193,45.949999999999996,False,16.133227165637205
111,cliftha01,Harlond Clift,6894.0,11.0,7.345795887183264,0.6437092934584429,-0.30154586011933776,0.7348598553087387,1.8197573999183934,-0.16616768467950738,1.1316427568639278,41.5,False,13.551694676912925
112,cuyleki01,Kiki Cuyler,8098.0,15.0,7.3062418391088695,0.5446322653081528,0.7106882544629521,0.3790442401430107,-0.0811596352308389,1.658542627647169,0.056045839518471155,47.989999999999995,False,16.9583073254775
113,minosmi01,Minnie Miñoso,8230.0,12.0,7.249313120217389,0.5773278301208433,1.0324990878454139,0.29938710848968014,0.2736492958724935,1.831404587559551,-0.5503009291629218,53.26,True,16.117096209463696
114,griffmi01,Mike Griffin,6848.0,12.0,7.246366046822032,0.6349035671865098,0.35536577292739757,0.2544062851607978,0.904203936394178,0.38732122954903936,1.2732206119011364,40.87,False,14.040169544095578
115,aparilu01,Luis Aparicio,11230.0,18.0,7.20948604441333,0.38519070584577003,-0.03768327695144832,-0.9742601755538494,-0.7401659184989605,2.6259728126724635,1.0520900875606447,55.86,False,24.03716128456431
116,mccovwi01,Willie McCovey,9686.0,21.0,7.205795656627986,0.45243589304905735,0.2696830853807448,1.9849941336778745,1.452926845451461,-0.6788611870184932,-0.7665634122462995,64.52,False,19.831940037918237
117,wilsowi02,Willie Wilson,8317.0,16.0,7.196461506246456,0.5233155864438095,0.6605310940915092,-0.8339755743709008,-1.131878145073225,2.3770195273968153,1.5448810301748495,46.12,False,17.854697924635154
118,jacksjo01,Shoeless Joe Jackson,5690.0,9.0,7.155070010523535,0.78268769486128,2.3316357476568585,1.8202736362457026,0.2854538135372939,0.03409493874344734,-0.5580196618769017,61.47,False,11.466957802982176
119,ramirma02,Manny Ramirez,9774.0,17.0,7.139867082209064,0.441550221534265,1.3598715902762628,1.7476805398922133,1.3218464466488522,-0.7214943845681431,-1.5001530845778601,69.33,False,20.293405909379427
120,daviswi02,Willie Davis,9822.0,16.0,7.052168517327165,0.437705711223368,0.5661795553969328,0.03203612285051817,-1.3865289231437554,1.693540458345004,1.2833013426681408,60.77,False,20.17926759495829
121,arenano01,Nolan Arenado,7512.0,13.0,7.02051079549169,0.5607436737613171,0.8913805554811757,1.0795101174762938,-0.2808785302440496,-0.6378566461750141,1.8072915889786079,60.04,False,17.101009187723616
122,rolensc01,Scott Rolen,8518.0,16.0,7.00528752331223,0.5020511841838675,0.34359873413536596,0.7442084683062639,0.4311574564590169,-0.1457100425434723,1.137001304562163,70.12,False,17.709075626021214
123,casege01,George Case,5515.0,9.0,6.962814609160703,0.7833656038808215,0.2741853408305138,-0.7620763160910525,-0.475218005998043,4.459183801099714,0.420753199562976,17.76,False,10.93824920609246
124,jonesan01,Andruw Jones,8664.0,16.0,6.960400330005005,0.4883920240911008,-0.5700033874811732,1.0825571756810697,0.3912334763281125,0.033191209943633414,1.5049816459838616,62.71,False,18.009516802692833
125,willike01,Ken Williams,5616.0,11.0,6.958544316204368,0.7697504774562356,0.6770745291975596,1.6859585790284044,0.6675812188016562,0.4310505648292378,0.38708749542431903,42.58,False,10.878861412716502
126,doerrbo01,Bobby Doerr,8028.0,13.0,6.941896537383825,0.5300506391486759,0.44170353312458394,0.9131824688881363,0.025070052934615252,-0.41713411284416324,1.6874312536402072,51.24,False,16.118318132353355
127,chancfr01,Frank Chance,5103.0,11.0,6.940364551849402,0.9076326789689717,0.9965117539480055,0.5401049445203493,1.2073258618168803,2.391392314872515,-0.597171480312892,46.730000000000004,False,9.495917662554008
128,gorege01,George Gore,6104.0,14.0,6.933370942901281,0.6815240114254207,0.9058957069549908,0.45433182014300355,1.7190298802361907,-0.2554538905362103,-0.0332732065487379,39.94,False,14.918118417209826
129,ortizda01,David Ortiz,10091.0,18.0,6.927150053933518,0.4150064934957674,0.6338460270708374,1.8608213427651015,1.3896062560249136,-0.7842250352650574,-1.0250161231169586,55.04,False,20.85438040385387
130,cronijo01,Joe Cronin,8838.0,15.0,6.904147289399402,0.4857514509427347,0.3794336719246824,0.6239857600170704,0.9268707019406767,-0.23315438520656162,0.731621506037806,64.64,False,17.067834995565534
131,steartu99,Turkey Stearnes,4498.0,12.0,6.900999762629906,1.1673526522633053,1.561820992937391,2.6281795133472903,0.28525719766709895,0.9700167086269194,0.2897627118217957,54.82,True,13.011702440329039
132,damonjo01,Johnny Damon,10917.0,18.0,6.83186107970965,0.37548013628522403,0.44843550414608047,-0.23884009812565882,0.05209746356906165,1.1372563748216742,0.48804992063587366,56.33,False,22.516217584200064
133,lankfra01,Ray Lankford,6674.0,13.0,6.81288729984558,0.6255137536200991,-0.011966548613989905,0.7765128863510209,0.9041539773771738,0.8826311727384967,0.5762372802477949,38.19,False,14.282379285388792
134,leachto01,Tommy Leach,9051.0,16.0,6.763317438739575,0.46318804511399897,0.11663902089197703,0.5157073198166269,0.4062356829451446,0.17655042246051172,1.1008077794557345,48.13,False,18.148008325141845
135,martied01,Edgar Martinez,8672.0,14.0,6.716680833125686,0.4898515254497887,1.4166980330933303,0.804115237553745,1.6062687837377096,-0.6645598227931322,-0.7132646043427094,68.42,False,17.443204115061107
136,sandbry01,Ryne Sandberg,9282.0,15.0,6.687544627684185,0.43257080386055524,0.6159174228289069,0.5029324398896325,-0.2250175050178146,0.6287779584885065,0.6402437031135453,67.95,False,20.11622030991465
137,burkeje01,Jesse Burkett,9620.0,15.0,6.563381745981315,0.4176064737633922,1.379088599839545,0.30668096750416496,0.8190581749028296,-0.11457581811438265,-0.30221955531519573,60.82,False,19.540827437130854
138,nixonot01,Otis Nixon,5800.0,11.0,6.500988638252839,0.7498256791525765,0.21312510171645502,-1.7011055537670727,0.2980203112780014,3.7540045038905223,1.1850840326449763,16.64,False,11.435832194675154
139,turnetr01,Trea Turner,5604.0,10.0,6.484591637659189,0.6997760760063871,1.4403188626024552,0.21756780858157657,-0.6132231397888246,2.423509446088263,0.030707402548465688,41.75,False,12.873535046446019
140,kinerra01,Ralph Kiner,6256.0,10.0,6.467852834928241,0.6203183665212507,0.18018768227410112,2.3678206522116323,1.5869964157877035,-0.5714597935142415,-0.4619531241529416,48.11,False,13.251737917545286
141,werbebi01,Billy Werber,5845.0,10.0,6.450163996479847,0.6640525734193391,-0.4422787946078355,-0.1363241317468542,0.810345505135938,2.1353516008268936,0.953168687488553,25.75,False,11.76489060272781
142,murphdw01,Dwayne Murphy,5242.0,9.0,6.356049547977761,0.790553426365393,-0.6829581974211949,0.3793917927820461,1.6468809001974436,-0.02489171748194351,2.6343443537506137,33.24,False,10.561546756763779
143,gosligo01,Goose Goslin,9822.0,16.0,6.346155628002757,0.3925861817508665,0.6146397876649544,0.9371197535298971,0.3368491859322098,0.15300958450499308,-0.07868740287772173,65.78,False,19.52564440805147
144,bellco99,Cool Papa Bell,5585.0,14.0,6.345685746286602,0.8051197817238235,0.96080621914716,0.046493619768544124,0.3652419670231178,2.759554475343376,-0.26191592219249255,36.07,True,17.06718157892307
145,hoydu01,Billy Hoy,8385.0,14.0,6.310072382899348,0.45152575190693006,0.13089188461397638,-0.31018992000378365,1.0148598297672216,0.7297890725461322,0.6922778926111037,33.12,False,17.55508589273653
146,burnsge01,George Burns,8251.0,13.0,6.309370812340109,0.4632430846064691,0.25205955506054784,0.045685335626295946,0.8243704950382533,1.0366877815929945,0.15741225571425407,39.339999999999996,False,17.443499508048138
147,brutobi01,Bill Bruton,6668.0,12.0,6.258566306490832,0.5631583359169915,0.11998149078228126,-0.4568436338337562,-0.6181689799829329,2.118730332123883,1.6520924704954818,26.4,False,13.851713546973887
148,flickel01,Elmer Flick,6414.0,11.0,6.227964206804926,0.5934220301862722,1.1343585082949714,1.4585951116513465,0.6863348738280738,0.8034753417245766,-1.1156536845676082,53.42,False,13.01633271256258
149,guerrvl01,Vladimir Guerrero,9059.0,15.0,6.1785057708540725,0.4104410388078435,1.5693233050373334,1.1410342114512853,-0.2822450160906422,0.24946690968506,-0.6253742160438183,59.46,False,18.7916552638636
150,donaljo02,Josh Donaldson,5856.0,10.0,6.177874345675744,0.6701725921904623,0.29272802942648074,1.1795249730936876,1.2964330937717274,-0.44323242416873876,1.0254092888291542,46.81,False,11.960194902180653
151,pinsova01,Vada Pinson,10403.0,17.0,6.169249887501213,0.3596181805596743,0.8102981710447379,0.3554178321754175,-1.0314144981021447,1.162499285789036,0.5012901118913251,54.09,False,21.88881427162711
152,bakerfr01,Home Run Baker,6660.0,12.0,6.156373502515432,0.5573900862395138,1.0084227964659191,1.2498370887862604,-0.3349051373612879,0.03254737464051878,0.8310483086661592,62.61,False,14.187022033345649
153,puckeki01,Kirby Puckett,7831.0,12.0,6.15587599641476,0.47165439890803923,1.7270983252715055,0.30873865706715553,-0.9780453015302136,-0.16843456950189237,1.4689148832336414,51.13,False,16.955358844630858
154,huggimi01,Miller Huggins,6800.0,11.0,6.1409048714589085,0.5591960726780004,0.06705641700364903,-0.9852000639097945,2.2349305007115596,0.5047816438676065,0.9744118657169812,36.02,False,13.565510022901963
155,piazzmi01,Mike Piazza,7745.0,15.0,6.083116387310364,0.47580104711070514,1.1153059052711176,1.1717382247440502,0.1731404103309386,-0.8294929456451688,0.7483136408525882,59.56,False,16.447169543648677
156,younger01,Eric Young,6996.0,12.0,6.055249016428914,0.5563781638372663,0.3866496422436081,-0.8655708197420694,0.06319973642899311,2.6540337180257496,0.54357854223005,18.8,False,13.933513934802132
157,harpeto01,Tommy Harper,7164.0,13.0,6.0530125514221735,0.5150769438169487,-0.09444961496743033,-0.15322521423654695,0.47193918293315174,2.5746231717899355,-0.2235028064343666,25.72,False,15.03499789378267
158,bancrda01,Dave Bancroft,8244.0,15.0,6.04374743641029,0.4408812719569816,-0.17922577962937064,-0.5464743272779002,0.6067840883485732,-0.3326823395669343,2.65600471791054,50.43,False,17.513486153601825
159,kinslia01,Ian Kinsler,8299.0,14.0,6.040553264577253,0.43671911781495987,0.2108124071314883,0.20018766683715364,-0.06441565022828419,0.7002700755227268,1.136741089811715,53.82,False,17.601848166253664
160,duffyhu01,Hugh Duffy,7841.0,14.0,6.037496647832454,0.4680229959560043,1.0285412387858848,0.6166628595072264,-0.06173661888220772,0.794637228323636,-0.03798972795451852,43.14,False,16.161393814521357
161,cochrmi01,Mickey Cochrane,6206.0,11.0,5.97451730824896,0.6073721424854924,0.7272311946822172,0.5052013580219604,1.45181582742705,-0.2993002024494018,0.6519125347456363,49.75,False,12.098445493751907
162,brownpe01,Pete Browning,5315.0,12.0,5.9507413269693235,0.6730338918344193,1.9094241407020225,0.7018389662182736,0.4413209327194408,0.16675359142479604,-0.09696802556828607,40.42,False,11.756035349690068
163,ewingbu01,Buck Ewing,5772.0,15.0,5.947580923681403,0.6293736427176089,0.7778396241381221,1.38422606860688,-0.14174464888569677,1.0798288954092667,0.17485849934525574,47.92,False,13.136319132571286
164,lindofr01,Francisco Lindor,6848.0,11.0,5.943382710155751,0.5207403075486932,0.6452327015784842,0.5945448116911978,0.004426614264000966,0.9025255434824728,0.45697186672730966,56.63,False,15.534216672135019
165,richaha01,Hardy Richardson,6044.0,14.0,5.936778623430754,0.5893559189375335,0.853849102748927,1.1152967158924616,-0.004994087394250375,0.13816726788621914,0.57705265537159,40.980000000000004,False,14.885644944257528
166,whitalo01,Lou Whitaker,9967.0,18.0,5.924412276263543,0.3579705302878275,0.3432700681187204,0.23102937996469827,0.9249755567761156,-0.28176717982495897,0.5723448264045617,75.1,False,21.61246527275845
167,lopesda01,Davey Lopes,7340.0,14.0,5.908346897998825,0.48998039237032404,-0.10323340673435749,-0.10116644748342338,0.6712251168562902,2.431581814096547,-0.44850511488343536,42.35,False,15.127801608415977
168,selbaki01,Kip Selbach,7102.0,13.0,5.905970679798631,0.49895556292300464,0.17041273872547022,0.6302336517300554,1.0956189313602909,0.15712370560781802,0.44138878719138874,36.91,False,14.790431993819572
169,ramirha01,Hanley Ramirez,7127.0,12.0,5.895915815410541,0.5147023845840719,0.8255776551240969,0.7079420142191586,0.227680587530576,1.2625689276481815,-0.45025726160165386,38.28,False,14.802891560152288
170,benchjo01,Johnny Bench,8669.0,15.0,5.8951198530763165,0.42208495368088195,0.11338211406455066,1.460117209463116,0.38247799255991183,-0.4618119738044375,0.6162594261212684,75.14,False,17.26251301821206
171,ellsbja01,Jacoby Ellsbury,5344.0,9.0,5.839505882257626,0.6824510185731546,0.6765182205726858,-0.40221323045109375,-0.3039520375993077,2.4985209292301525,0.9433812111133354,30.959999999999997,False,10.933557467827557
172,grandcu01,Curtis Granderson,8306.0,14.0,5.790924954117969,0.42874567774812206,-0.5061842346056777,0.9973579788057939,0.8742610746272623,0.12763064728242227,0.6506629226308094,47.47,False,17.311424554017034
173,cabremi01,Miguel Cabrera,11796.0,20.0,5.755765460540951,0.29671443219559845,1.4316279034948365,0.9093558005575448,0.6506888013752125,-0.6756766560344485,-0.8324236884151525,67.23,False,25.404338979296703
174,beschbo01,Bob Bescher,5277.0,8.0,5.741554155689293,0.697637199962247,-0.23099127901401634,0.13568420662564706,0.9955567571820778,2.1514583948578863,0.4364779201596399,21.84,False,10.199742369573524
175,crawfca02,Carl Crawford,7161.0,12.0,5.697490043462148,0.5058440405559765,0.8078073880800865,-0.24333729461569314,-1.0450023053046753,2.9750622813458505,0.03469013327431427,39.160000000000004,False,14.051338956474458
176,sislege01,George Sisler,9013.0,15.0,5.684918221231965,0.37844790111385546,1.3901553570457594,0.3894278234126766,-0.9057286137043988,1.1329524097022705,-0.11456747088703004,57.65,False,18.490348939320082
177,bresnro01,Roger Bresnahan,5374.0,13.0,5.6214519226899915,0.6689550086501378,0.4147692772933103,0.41790863841163906,2.0134272993278297,0.1862515560541455,0.31241827216376433,43.309999999999995,False,10.449194747426253
178,cashno01,Norm Cash,7910.0,14.0,5.618135685787948,0.4435370278253643,0.4119977768921918,1.4292793305830076,1.338243203648856,-0.45205454862060024,-0.5097806233766327,52.05,False,16.119526297994327
179,machama01,Manny Machado,8195.0,14.0,5.60959457055948,0.41070857136494054,0.7695337207361829,0.766126892510802,-0.14608402200918486,-0.06830944456746157,0.732275710154364,62.7,False,18.405594765378396
180,gibsojo99,Josh Gibson,3211.0,9.0,5.5790443152938,1.5250235030415853,2.3857632342628183,3.5767510354983587,1.0646971493091653,0.11963588379879392,0.3369289345203864,40.91,True,9.006193195717707
181,mizejo01,Johnny Mize,7371.0,13.0,5.570346904387886,0.4705347237269789,1.0556501071770519,2.1805498082014605,0.5143669026972985,-0.6645404020471035,-0.7333527973938125,70.39,False,15.30904576701799
182,roushed01,Edd Roush,8156.0,14.0,5.551277630579877,0.43906756898865357,1.0391270555416356,0.3828787656458017,-0.7298959944636028,0.5590501579235398,0.9441778602958931,45.88,False,16.32434106643255
183,reyesjo01,Jose Reyes,8240.0,15.0,5.5337881923577,0.4112302347553406,0.5700363701384017,-0.2712060925849625,-0.4664769034017459,2.5289963303082788,-0.3051985306832687,36.989999999999995,False,17.490720932528678
184,gilesbr02,Brian Giles,7835.0,13.0,5.5155095401711005,0.4307309285568996,0.5645121417756435,0.7012189324447697,1.752028404346102,-0.12857172467650682,-0.7355331111055111,51.089999999999996,False,16.175361786377756
185,yelicch01,Christian Yelich,7025.0,13.0,5.509889482917661,0.470595543024996,0.9829550287336868,0.2447062380877021,1.1012118352669704,0.9312497173361781,-0.907145104299558,44.97,False,16.071568305531443
186,vanslan01,Andy Van Slyke,6478.0,13.0,5.4820503285472135,0.5077539668305537,0.28363900449350093,0.5562958809614954,0.39929019750322425,0.6706794185982263,0.6288653325963217,41.34,False,14.352355804468967
187,evansdw01,Dwight Evans,10569.0,19.0,5.4225292486016015,0.3097113326188444,0.216964878308139,1.210304967666213,1.2950720272265992,-0.5409440696211163,-0.6328411404856129,67.16,False,22.681033625679778
188,hackst01,Stan Hack,8506.0,14.0,5.398242496422679,0.3932190722172645,0.6671330298752114,-0.5011803056869704,1.0303906751233958,0.6182934919776597,0.15145846979702526,54.949999999999996,False,17.446658883650176
189,mondari01,Rick Monday,7162.0,15.0,5.385129093218689,0.4707280675890462,0.05821550046474685,0.9537947462935595,1.1102913355595698,-0.08027428001435163,0.31161303564170684,33.14,False,14.336569761437044
190,uptonbj01,B. J. Upton,5854.0,10.0,5.267308686194837,0.5758719409105142,-0.6549031416674048,0.10324463477894888,0.538154911113704,1.8372447886185648,1.0556185117087582,16.47,False,11.723792382459797
191,gordojo01,Joe Gordon,6536.0,11.0,5.22212662355894,0.4793873889435991,-0.23312502954298678,1.2755679524100014,0.46134516692044863,0.2377231853371751,0.6554256695933572,55.5,False,13.312532368257058
192,willicy01,Cy Williams,7720.0,14.0,5.190158498774272,0.4288205865139855,0.25398079696490805,1.4731725589205142,0.23852671300789186,-0.5319675827152327,0.7103904463918466,36.86,False,15.557925491882077
193,bushdo01,Donie Bush,8734.0,13.0,5.187122275981429,0.36749006560265174,-0.5707601663770404,-1.032426054007833,1.6486192316586061,0.6885199867640903,1.103497329975435,40.23,False,17.98780530095521
194,paskedo01,Dode Paskert,6997.0,13.0,5.1720408837093705,0.4533563959423846,0.045926106635951196,0.18236752229442224,0.708709038111551,0.40790738069431476,0.9218719319756834,26.07,False,14.407093245581176
195,lemonch01,Chet Lemon,7872.0,15.0,5.149613325390626,0.39440490110216686,0.23255845161572997,0.6309213816038857,0.21222099269568948,-0.5597496995596437,1.4560733791551728,55.63,False,16.85843572103407
196,hernake01,Keith Hernandez,8553.0,15.0,5.140973135085778,0.3686606765927413,1.0500386316238948,0.10834810626810833,1.112707585397347,-0.3911756196355132,-0.036615320690129245,60.35,False,17.932323792673795
197,vanhage01,George Van Haltren,9017.0,15.0,5.137126660751417,0.35363423548082273,0.8801476937329348,0.10669207275607767,0.3460521581387572,0.6276945299289599,-0.19241527715261633,40.06,False,18.216582218927716
198,crawfsa01,Sam Crawford,10594.0,17.0,5.125141310880145,0.2971383502297891,1.2241428171824977,1.6892212271607308,-0.11826073760164094,-0.11489812667148293,-1.1945134289211594,75.92999999999999,False,21.811505911852713
199,boyerke01,Ken Boyer,8268.0,14.0,5.1172997981841135,0.3729810348530696,0.7815504110295328,0.5255378818914795,-0.08136808932168639,0.3139439716709935,0.32524099899502806,62.83,False,17.50037359399279
200,campabe01,Bert Campaneris,9625.0,17.0,5.111021784508805,0.3269658887626914,-0.1278620831533084,-0.8276283034600264,-0.7219965104451599,2.9618598243187213,0.3504565165532307,53.06,False,20.125741301428604
